user_id,email,password
1,user1@careercompass.com,19513fdc9da4fb72a4a05eb66917548d3c90ff94d5419e1f2363eea89dfee1dd
2,user2@careercompass.com,1be0222750aaf3889ab95b5d593ba12e4ff1046474702d6b4779f4b527305b23
3,user3@careercompass.com,2538f153f36161c45c3c90afaa3f9ccc5b0fa5554c7c582efe67193abb2d5202
4,user4@careercompass.com,db514f5b3285acaa1ad28290f5fefc38f2761a1f297b1d24f8129dd64638825d
5,user5@careercompass.com,8180d5783fea9f86479e748f6d2d1196c4a8e143643119398c16367d2c3d50f2
6,user6@careercompass.com,75f9793a7639faa0b83a2707d60cb21c42fe9f50992fc692390a26ac2a21b29e
7,user7@careercompass.com,5bfdfaaf7e1b1244192a1ede1ea70f09f5642190821c0005669a9afbca2dee2e
8,user8@careercompass.com,2ced6e7160a9e2cb4be29c200852bfc4fe29d7531ff3ffc51fc1407399d8d8b8
9,user9@careercompass.com,b949a64fd5484e69191efb60d83f7f79195eeb2911c3eb5850af160841211f18
10,user10@careercompass.com,c0a09d876279cea6c57b4453c56737fd1b0c6c95e80b0a08ac48bcc97e719afd
11,user11@careercompass.com,542cbab799aabae8c7b3cd571e6c73395515ebd86044358cc3603d8e965881e0
12,user12@careercompass.com,f3c16dc3ef3ba55671b0ac2938730a4afc3867cf4c01ae9a09cfe4e2367666bd
13,user13@careercompass.com,94160c710f5c02b0deaa4f8f4f296471b19e1152390f31b545d75a3648e3332a
14,user14@careercompass.com,561f1620b13d82f635b00720379773d89bf42945d257b39172941f5b63074dc3
15,user15@careercompass.com,f16171f1256ff454c66ff516f9e61c69b2454f8065de099dd147452486b91211
16,user16@careercompass.com,9630a358e80519239f62f32ddd4e47f4e798dccc2a70c50841253ee54ead3d56
17,user17@careercompass.com,40c65d8f21b62fceddeaaadf221c5549f4fd230a214b80236584aa5f6b8ab357
18,user18@careercompass.com,e6e90dc078b603b8a7f4788a464afea9762108073cfb40871c8861bfec714ed7
19,user19@careercompass.com,e2832f0c57bf6c819cbd084dbb237c498b01909afed4ecba20b00e0a8139d3d1
20,user20@careercompass.com,69e44c3b1c786801d098ad5e40b9d347d300712254ea0e95d374620a08372f8f
21,user21@careercompass.com,4f184fcd08ea9259d231d74dedfe990b534c2ee568ca70bf09a7d6945d46bdff
22,user22@careercompass.com,7b98cd8482ae01ac3aceb273c9e354d48c5660d98a2b723141f8a9989a546b6f
23,user23@careercompass.com,d55c0a75cd34955bced4210f203dfe77f5b296892c2e786c091325d329c2482e
24,user24@careercompass.com,76475b1d780d2f58f852243140d9977e8b8c4ea81979e04afbf05fb3f0789a45
25,user25@careercompass.com,af2dce1d7b05478c8b489aa66ba16d6cb81d575ac687f735818a7d79ab9e38d0
26,user26@careercompass.com,76c44426925e963ceabc63346b623dffc3947e59fe2f86b27aaf15c2272db251
27,user27@careercompass.com,f30ba0eafbc2bf1750ff30cdd40a4e58532e04b5fd4c1eb615e29d4c0c22ffbf
28,user28@careercompass.com,6f69cb3713786a1004b49654c8b891eb45d6327b9fe9c6e62e1b312d55f006d3
29,user29@careercompass.com,99f9faf3e93315c6ad3bf2c44154bd2fb26e95cd44e5b8d989abd2f0183d6992
30,user30@careercompass.com,a877919f55644f46a0eac35e399aa57b84f2969ca2fc507257d8a42866884d25
31,user31@careercompass.com,400bb4601dc418bbe85a7aea1cbc2b89348278af16f9b6efa61c6d6caf4ead7a
32,user32@careercompass.com,6d0bf448644a37c2542d804060e0cbc1a312813c517225e98ea468705a8c33aa
33,user33@careercompass.com,4f508eb6bdb6d7f9944958158fc28a43106699389b1fe013a4428369582e2c32
34,user34@careercompass.com,0dff320ad5b517fec17e404e1c23ef3cbcc9de3b732c60a08f47989adb74ee58
35,user35@careercompass.com,380c5997ff95f62d17d80742af44397c23814e494e9fe015f574f30fdb82bc14
36,user36@careercompass.com,c44122103741598821262a48b05b299a21d4b314070df939790157e4820df1c1
37,user37@careercompass.com,f4ab853abb3da677d30d3c882816b581b4f0afd7f5b3b057cea945b7b8d9b9d5
38,user38@careercompass.com,a5fd9f571a46cc861737a21fd57166d7d0ccea2d1dd667a1db2697fab36adb28
39,user39@careercompass.com,48957eba0b512c1d3a43591d6ad78204b33ad246e17bd17b948c44af7957ff6d
40,user40@careercompass.com,a9d1e76b9867ad0f8756f83764280ccb33f72d0904804cb40b59e4f67dd91715
41,user41@careercompass.com,acd64bdcca5096884f65403f8e5f811b596be8b5e8b7a5bdd40ebd64f0767ee9
42,user42@careercompass.com,7d56d3104ec5ab221cac605d3f574320c959744c96f441163646aca5e0fbdc3c
43,user43@careercompass.com,74f129a526033fb8243b6da7e5dbebc83325b325cf935ca4fcd75410d5d8a82a
44,user44@careercompass.com,5ef2eb75ffd03aadaa50e97c1ee6e94b74fc2d9d4a9eeb30ce728eb28e449098
45,user45@careercompass.com,c8f54faa74ed874e44282221f33319fd7cec92535012f53c8ad0dd64614f6401
46,user46@careercompass.com,debb5c58d050fd542261094e3f83156744bea6fb8d9703c7d6d14d394c9d1449
47,user47@careercompass.com,5d1cab0956cc69249857fada51ea311bac1fc85f93c84bd080fbc5105b4cce69
48,user48@careercompass.com,273c17b966707db3b11172e1f928d71029ca622b9f94636da9f4866844c1c1e7
49,user49@careercompass.com,8f07a55f29eaea4ea8ac173210968a6619a177138faeaa3be14e0c18a833f1f7
50,user50@careercompass.com,b677cc701b04882c089aba9509037dc493d827e3d7412b4332b09b87f73b330f
51,user51@careercompass.com,648cacdcd3b5997ce4cd36970ebd638740843c3f555f717b81b681f782aab63b
52,user52@careercompass.com,fdd39163ae1385eabd729d04920ab0e1f84575b60dcc683eeed1e648d6156dc1
53,user53@careercompass.com,e86e53a316d9ed0e92704ec8d9a1caa0f7ed17e90ac61df62219d28d367e582e
54,user54@careercompass.com,d7bdb1b8803dff0b6ec679b225e9814f7e2c206691d2f7796e972de61525af9e
55,user55@careercompass.com,43843e60a76fad1c116a976517495a68894cf5320a122543c53429dba4ddc09c
56,user56@careercompass.com,6e3416bf6ddf54d31058b70315dc792148b21f4ba1759e150a486e5cc52f9551
57,user57@careercompass.com,54ff02b3448d6eec0c81e8fe7a9a1b9d46ecf2aa4c5694d0ca60ea84278ae267
58,user58@careercompass.com,b329093a92406a3e16127b8dba421d2824a4be89fde918a1724d41773874442b
59,user59@careercompass.com,49ab6d89c68bcfa5c8036ffc901c5e52e5e5c710832e38159877f96600a85831
60,user60@careercompass.com,15d5a5a9fe28031a0519d55d5c63b28383b364381d3976d960958e4f8fb4e2f8
61,user61@careercompass.com,d7393a1a37daa41b6b35b5272846fe60eadc65da76395a9ba6e7c3511a5edfa1
62,user62@careercompass.com,6e8f93f0cae44f32cfed0d83e33c0c1bd0fff028ad5143dd7c23de78c7a61cc2
63,user63@careercompass.com,d57e7ee7a3c3f1e9971aefb390cbde892606ef1edf1a1d213e49ddf83668326f
64,user64@careercompass.com,c413e9799f182532db14ce074ecf37068817d95576504076a2d128b67dc44766
65,user65@careercompass.com,a621f8cf38e8f2db871ae39c4e52122fccbbda259e768973fe9cbee04a61edc9
66,user66@careercompass.com,d207fba138273719fffe9a0e99afad217d380bee6283b631b6c075067234108c
67,user67@careercompass.com,9c0d9fd2efa2bd69a79ec43841822a38c2e8a0331682faab4c01e59fe9b81084
68,user68@careercompass.com,b427299bf2900dc25d80431dbab6d6baac265a8ac5ab95803cc119803b94f157
69,user69@careercompass.com,5d92822c071c02072074ac6a4ffa62f5a4a104044c28bfcb190146441b9f37aa
70,user70@careercompass.com,0eea2f322a56e401295c7a91d82e43960628ed994a113f9048250c3615bcb7f8
71,user71@careercompass.com,f79f2585ca2501242776577821d9e426f1e1a1059a473a99719441525a32476e
72,user72@careercompass.com,08dddbf6d1f20eee270382c1faff5600c7b18c9eb279f84cde5db60c72cd92da
73,user73@careercompass.com,c9eb6e4cb3192d6b1e8d9f2f71d49c51fe8e63cb8f16e0603c68052126bf0b73
74,user74@careercompass.com,735ea0a9ff74c274b2a0aab55d225cea390c9eac707124eebfba84422fa43d26
75,user75@careercompass.com,ecccb1c4dd86a88101cf39965f6bf172167fb6e48ae279312c56b667d823f35a
76,user76@careercompass.com,a93b8e058c196a6a7d5e8c184591f9a78e098b3d789b4a1bdfafdb09ba45beb2
77,user77@careercompass.com,241dfeb846821b6ed7737bcdec09109d7e841e6bfe138e7bfd8ad4807f7b38db
78,user78@careercompass.com,307b6240429a87aa10a77d709ce1ce5655c63f66ba42e587f99b670c822f90de
79,user79@careercompass.com,b89742d7f9846483555fc8cc6fd1f3c37c4cf85df4d5bfcefdc92237a0eb8a19
80,user80@careercompass.com,22c1923cb65778ba86df456be9ef4f805cf9d6e8c398af51ee5e94c5db59555c
81,user81@careercompass.com,61e68aa6ea6c86160e8ecea663e82eb7be16b0a38bc648c5fd8cc16e58943de4
82,user82@careercompass.com,78d2900cb78c6b0b103ade119abbc1ea7d47ee517e673fa8281181055b1f7aae
83,user83@careercompass.com,ea4e0777d30430cb3106546b3b5632e7d8305f7ab456fb30020613d9ad4f83b4
84,user84@careercompass.com,f799aa7d4a07ade9d670bebf04a6a9ed2735e776cfc4c480604301fe6cd02b19
85,user85@careercompass.com,a0866679e33fc589fbbeaf18c711a777ae15af8fc464bd0ed5867f727e440d31
86,user86@careercompass.com,45b1b749a6f64816d7081202e45c667a5a86431bba4160ff9c9be8d280a50286
87,user87@careercompass.com,999fe7f7609a8bb9f9bc06a0b6b3d825ea4986d1f8054a1881acda1669bdd840
88,user88@careercompass.com,1aad3d7e57bd0a263fdbd26f69537286085a5228493955396c83d9935a6ce80b
89,user89@careercompass.com,d143b69cb4d9473d1644f5a6e821b1a1dc2abe4e812063d97f414be4d1bcb7ae
90,user90@careercompass.com,b0396c25a96ecca5e4a5beeae7a0320a2dade65730f1b6cb4107a3635932329b
91,user91@careercompass.com,aa7ddc795b1a18697b8a9071b74262b279fb1fa6c7be8fbcad157b4ddc58fbbb
92,user92@careercompass.com,ed73ade7818848bd8c133aa16fc1ca8dc323fa9323d5ca846eb6d91d2390dbdf
93,user93@careercompass.com,853ccf0ec958c3387c0556e936b3dd61a1d9f08f26ef40551d17ccd80923dedf
94,user94@careercompass.com,af227a019fe5a8746acf890e4ea5a34b1a822d0cf58add1d72a1d1a24286f4e9
95,user95@careercompass.com,74226f5005c810610baa02ea22dda5ff76ca219e8187cce8b1fdc92c62043f6e
96,user96@careercompass.com,24a6f5f4a46c704078243be901f78b2cde5c1dbd425f3df7963d08fa43d6487a
97,user97@careercompass.com,5577db4316deaced7c8e82149ab5193d6aa1671b5c5124ce2fa2f581cf54dd4a
98,user98@careercompass.com,35d511574fd9b0bdd988038342ab41d002a1615680141254ecd7a4ea51a6cf82
99,user99@careercompass.com,98fa79a0753140a3e50853b49f24309fbd00f045ba849590ffb88063c7aad9af
100,user100@careercompass.com,ef526285fc3a05352600fbbc2b21bf71def15490c707540a8d34ec422c0e4af9
