session_id,user_id,login_time,logout_time,ip_address,device_info
1,28,2025-02-25 00:54:00,2025-02-25 03:19:00,192.168.236.7,MacOS 15
2,35,2025-09-10 08:06:00,2025-09-10 12:45:00,192.168.72.235,iPhone iOS 18
3,65,2025-07-26 07:23:00,2025-07-26 10:51:00,192.168.249.0,MacOS 15
4,7,2025-05-08 11:21:00,2025-05-08 14:12:00,192.168.73.209,Windows 10
5,70,2025-01-29 11:16:00,2025-01-29 12:16:00,192.168.121.171,Windows 11
6,30,2025-03-07 02:42:00,2025-03-07 05:38:00,192.168.71.179,MacOS 15
7,74,2025-10-09 08:44:00,2025-10-09 13:18:00,192.168.221.188,Android 14
8,88,2025-04-06 10:06:00,2025-04-06 13:54:00,192.168.243.124,Windows 11
9,13,2025-02-04 19:06:00,2025-02-04 20:18:00,192.168.18.1,Windows 10
10,72,2025-01-27 06:30:00,2025-01-27 10:37:00,192.168.143.26,iPhone iOS 18
11,12,2025-01-23 20:48:00,2025-01-23 22:19:00,192.168.247.44,iPhone iOS 18
12,14,2025-04-18 07:00:00,2025-04-18 08:45:00,192.168.194.141,iPhone iOS 18
13,29,2025-01-27 14:43:00,2025-01-27 19:18:00,192.168.241.195,MacOS 15
14,78,2025-06-09 16:04:00,2025-06-09 18:57:00,192.168.84.89,Windows 11
15,40,2025-07-22 08:12:00,2025-07-22 12:10:00,192.168.124.116,iPhone iOS 18
16,30,2025-10-06 04:31:00,2025-10-06 05:02:00,192.168.106.182,Android 14
17,28,2025-03-23 11:08:00,2025-03-23 14:02:00,192.168.139.17,Android 14
18,5,2025-09-30 19:22:00,2025-09-30 19:54:00,192.168.209.238,Android 14
19,57,2025-02-21 00:48:00,2025-02-21 01:14:00,192.168.58.44,MacOS 15
20,97,2025-02-13 14:33:00,2025-02-13 17:29:00,192.168.35.123,Android 14
21,74,2025-02-04 07:19:00,2025-02-04 10:39:00,192.168.92.65,Windows 10
22,42,2025-04-14 13:40:00,2025-04-14 14:18:00,192.168.232.120,Windows 10
23,50,2025-03-02 15:39:00,2025-03-02 19:54:00,192.168.42.226,Windows 10
24,51,2025-01-22 15:12:00,2025-01-22 18:20:00,192.168.56.98,Windows 10
25,38,2025-08-26 23:24:00,2025-08-27 04:09:00,192.168.91.20,Windows 11
26,93,2025-10-13 07:13:00,2025-10-13 10:08:00,192.168.168.154,MacOS 15
27,69,2025-04-29 20:28:00,2025-04-29 21:03:00,192.168.193.22,Windows 10
28,25,2025-10-06 01:49:00,2025-10-06 06:06:00,192.168.59.175,MacOS 15
29,83,2025-05-02 19:11:00,2025-05-02 19:22:00,192.168.247.121,MacOS 15
30,34,2025-09-28 08:00:00,2025-09-28 11:23:00,192.168.195.30,Android 14
31,33,2025-09-29 01:29:00,2025-09-29 03:20:00,192.168.60.0,Windows 10
32,58,2025-07-06 21:06:00,2025-07-06 23:02:00,192.168.170.96,Android 14
33,26,2025-03-10 04:53:00,2025-03-10 06:05:00,192.168.240.243,Windows 10
34,65,2025-06-28 02:34:00,2025-06-28 06:25:00,192.168.6.208,iPhone iOS 18
35,82,2025-06-09 05:19:00,2025-06-09 09:32:00,192.168.158.175,MacOS 15
36,20,2025-07-13 12:16:00,2025-07-13 12:56:00,192.168.208.235,MacOS 15
37,80,2025-06-15 11:13:00,2025-06-15 15:46:00,192.168.47.248,MacOS 15
38,86,2025-02-23 14:31:00,2025-02-23 19:28:00,192.168.197.201,Windows 11
39,23,2025-08-20 01:56:00,2025-08-20 02:11:00,192.168.108.49,iPhone iOS 18
40,8,2025-09-19 06:09:00,2025-09-19 07:03:00,192.168.108.65,MacOS 15
41,40,2025-03-17 13:59:00,2025-03-17 14:22:00,192.168.203.99,iPhone iOS 18
42,55,2025-10-16 21:12:00,2025-10-17 01:02:00,192.168.55.123,Windows 11
43,95,2025-06-05 02:44:00,2025-06-05 05:25:00,192.168.64.200,MacOS 15
44,57,2025-03-19 22:04:00,2025-03-20 02:58:00,192.168.154.176,Android 14
45,61,2025-08-17 13:08:00,2025-08-17 17:51:00,192.168.55.112,MacOS 15
46,73,2025-02-05 07:15:00,2025-02-05 09:00:00,192.168.32.123,MacOS 15
47,61,2025-02-27 14:35:00,2025-02-27 18:32:00,192.168.193.11,iPhone iOS 18
48,34,2025-04-05 12:28:00,2025-04-05 15:48:00,192.168.142.124,Windows 10
49,44,2025-04-05 12:58:00,2025-04-05 14:36:00,192.168.141.78,Android 14
50,36,2025-09-17 13:27:00,2025-09-17 14:00:00,192.168.106.100,Android 14
51,31,2025-09-28 02:34:00,2025-09-28 07:11:00,192.168.85.20,Android 14
52,64,2025-10-07 10:36:00,2025-10-07 15:34:00,192.168.87.202,MacOS 15
53,4,2025-02-26 18:12:00,2025-02-26 19:03:00,192.168.187.7,Windows 10
54,80,2025-05-11 09:37:00,2025-05-11 13:13:00,192.168.207.93,Windows 10
55,76,2025-01-15 08:42:00,2025-01-15 11:51:00,192.168.74.27,Windows 10
56,60,2025-06-04 01:06:00,2025-06-04 03:47:00,192.168.7.233,Windows 10
57,3,2025-08-04 15:46:00,2025-08-04 19:44:00,192.168.170.160,MacOS 15
58,74,2025-05-07 09:52:00,2025-05-07 13:30:00,192.168.93.236,iPhone iOS 18
59,71,2025-07-25 20:14:00,2025-07-25 23:24:00,192.168.18.36,Windows 11
60,64,2025-05-07 23:38:00,2025-05-08 03:34:00,192.168.87.248,iPhone iOS 18
61,8,2025-10-20 22:36:00,2025-10-21 02:57:00,192.168.21.202,Windows 11
62,57,2025-06-24 15:34:00,2025-06-24 16:29:00,192.168.11.146,MacOS 15
63,86,2025-09-20 10:44:00,2025-09-20 13:59:00,192.168.234.2,Android 14
64,11,2025-06-22 16:12:00,2025-06-22 19:53:00,192.168.41.39,iPhone iOS 18
65,93,2025-04-23 21:59:00,2025-04-24 02:06:00,192.168.107.226,Windows 10
66,26,2025-07-06 02:10:00,2025-07-06 02:38:00,192.168.166.106,Windows 10
67,47,2025-03-02 12:07:00,2025-03-02 13:41:00,192.168.245.62,MacOS 15
68,88,2025-09-15 03:42:00,2025-09-15 06:14:00,192.168.30.71,iPhone iOS 18
69,92,2025-08-30 14:02:00,2025-08-30 17:10:00,192.168.179.28,Windows 10
70,55,2025-10-23 10:31:00,2025-10-23 11:09:00,192.168.56.128,iPhone iOS 18
71,32,2025-05-03 07:50:00,2025-05-03 10:11:00,192.168.255.221,Android 14
72,57,2025-05-26 04:33:00,2025-05-26 05:36:00,192.168.193.141,iPhone iOS 18
73,42,2025-02-20 20:53:00,2025-02-20 22:24:00,192.168.36.100,Windows 10
74,91,2025-05-20 05:42:00,2025-05-20 08:20:00,192.168.196.203,Windows 11
75,83,2025-04-07 05:48:00,2025-04-07 07:43:00,192.168.35.162,Android 14
76,33,2025-08-01 18:12:00,2025-08-01 22:35:00,192.168.226.147,Android 14
77,10,2025-09-05 08:23:00,2025-09-05 09:27:00,192.168.187.68,Windows 11
78,60,2025-10-21 03:44:00,2025-10-21 07:10:00,192.168.159.61,MacOS 15
79,69,2025-10-25 03:32:00,2025-10-25 04:42:00,192.168.146.210,iPhone iOS 18
80,39,2025-07-16 10:46:00,2025-07-16 15:42:00,192.168.31.113,Android 14
81,41,2025-01-22 08:47:00,2025-01-22 11:19:00,192.168.32.118,Android 14
82,74,2025-09-02 22:26:00,2025-09-03 01:19:00,192.168.5.60,Android 14
83,44,2025-05-19 00:02:00,2025-05-19 02:56:00,192.168.81.236,Windows 11
84,71,2025-02-11 02:28:00,2025-02-11 03:37:00,192.168.36.45,Windows 10
85,31,2025-03-08 12:31:00,2025-03-08 16:17:00,192.168.212.172,Android 14
86,80,2025-06-26 05:13:00,2025-06-26 09:09:00,192.168.161.206,MacOS 15
87,51,2025-03-02 10:53:00,2025-03-02 13:58:00,192.168.215.153,MacOS 15
88,32,2025-05-06 21:13:00,2025-05-07 00:56:00,192.168.15.192,Windows 10
89,77,2025-05-15 00:23:00,2025-05-15 05:10:00,192.168.11.8,Android 14
90,9,2025-09-14 00:19:00,2025-09-14 02:36:00,192.168.46.141,Windows 10
91,96,2025-04-15 05:30:00,2025-04-15 09:11:00,192.168.186.152,iPhone iOS 18
92,72,2025-02-03 15:07:00,2025-02-03 16:07:00,192.168.66.9,Windows 10
93,66,2025-02-06 13:26:00,2025-02-06 17:43:00,192.168.210.209,iPhone iOS 18
94,86,2025-06-30 09:21:00,2025-06-30 11:59:00,192.168.185.171,iPhone iOS 18
95,45,2025-07-11 07:59:00,2025-07-11 09:36:00,192.168.27.99,Windows 11
96,28,2025-07-25 15:13:00,2025-07-25 16:11:00,192.168.91.37,iPhone iOS 18
97,21,2025-06-19 11:24:00,2025-06-19 14:18:00,192.168.127.200,Windows 10
98,4,2025-03-27 08:45:00,2025-03-27 12:30:00,192.168.227.146,Windows 11
99,94,2025-08-21 03:52:00,2025-08-21 06:04:00,192.168.114.253,Windows 11
100,82,2025-04-28 10:28:00,2025-04-28 11:17:00,192.168.181.9,Windows 11
101,80,2025-02-05 04:08:00,2025-02-05 04:48:00,192.168.248.82,MacOS 15
102,19,2025-06-15 01:33:00,2025-06-15 04:30:00,192.168.112.254,Windows 10
103,61,2025-01-22 18:56:00,2025-01-22 19:45:00,192.168.80.203,iPhone iOS 18
104,7,2025-04-27 23:26:00,2025-04-28 00:18:00,192.168.233.192,Android 14
105,53,2025-10-24 20:22:00,2025-10-25 01:08:00,192.168.6.157,Windows 11
106,84,2025-05-04 08:30:00,2025-05-04 08:53:00,192.168.95.138,iPhone iOS 18
107,80,2025-06-16 22:06:00,2025-06-17 00:38:00,192.168.218.52,iPhone iOS 18
108,92,2025-04-25 00:08:00,2025-04-25 01:26:00,192.168.152.66,MacOS 15
109,58,2025-06-10 05:01:00,2025-06-10 09:18:00,192.168.223.251,Windows 10
110,60,2025-08-28 20:33:00,2025-08-28 23:59:00,192.168.242.176,MacOS 15
111,83,2025-06-18 05:23:00,2025-06-18 09:03:00,192.168.144.233,Windows 11
112,53,2025-03-01 11:07:00,2025-03-01 11:59:00,192.168.90.213,iPhone iOS 18
113,19,2025-09-03 23:40:00,2025-09-04 02:04:00,192.168.48.138,Windows 10
114,92,2025-06-08 21:52:00,2025-06-09 01:54:00,192.168.245.93,MacOS 15
115,94,2025-06-07 04:42:00,2025-06-07 06:48:00,192.168.208.248,Android 14
116,83,2025-03-18 00:18:00,2025-03-18 00:35:00,192.168.212.20,Android 14
117,76,2025-09-20 08:47:00,2025-09-20 09:57:00,192.168.11.95,Android 14
118,76,2025-04-06 06:36:00,2025-04-06 07:57:00,192.168.107.174,iPhone iOS 18
119,76,2025-03-11 08:08:00,2025-03-11 12:21:00,192.168.216.58,Windows 10
120,54,2025-03-06 03:59:00,2025-03-06 07:45:00,192.168.151.16,MacOS 15
121,40,2025-05-05 13:01:00,2025-05-05 15:15:00,192.168.17.71,iPhone iOS 18
122,68,2025-01-30 01:25:00,2025-01-30 03:57:00,192.168.166.52,MacOS 15
123,90,2025-03-02 07:47:00,2025-03-02 09:19:00,192.168.242.86,Windows 11
124,85,2025-10-09 12:22:00,2025-10-09 16:40:00,192.168.106.82,Windows 10
125,28,2025-10-20 11:19:00,2025-10-20 11:42:00,192.168.53.36,Windows 11
126,25,2025-05-19 18:05:00,2025-05-19 20:55:00,192.168.172.220,iPhone iOS 18
127,98,2025-02-03 00:30:00,2025-02-03 01:29:00,192.168.87.133,Windows 11
128,1,2025-10-13 16:03:00,2025-10-13 20:20:00,192.168.210.217,Windows 10
129,12,2025-01-02 09:05:00,2025-01-02 11:36:00,192.168.133.113,Windows 11
130,58,2025-08-16 23:31:00,2025-08-17 00:16:00,192.168.144.30,Android 14
131,55,2025-10-06 17:22:00,2025-10-06 19:46:00,192.168.140.238,iPhone iOS 18
132,70,2025-10-01 18:39:00,2025-10-01 19:31:00,192.168.87.108,iPhone iOS 18
133,7,2025-07-05 01:16:00,2025-07-05 04:57:00,192.168.99.65,Android 14
134,46,2025-07-23 20:51:00,2025-07-24 01:42:00,192.168.128.171,iPhone iOS 18
135,96,2025-04-15 17:57:00,2025-04-15 20:41:00,192.168.157.143,Windows 11
136,67,2025-06-17 07:21:00,2025-06-17 12:08:00,192.168.148.44,Windows 11
137,16,2025-06-08 21:09:00,2025-06-08 22:00:00,192.168.238.217,Windows 11
138,31,2025-05-18 05:21:00,2025-05-18 06:00:00,192.168.188.235,Android 14
139,72,2025-03-20 07:06:00,2025-03-20 08:07:00,192.168.115.31,MacOS 15
140,60,2025-01-02 07:36:00,2025-01-02 12:28:00,192.168.117.230,Windows 11
141,74,2025-10-14 09:12:00,2025-10-14 14:00:00,192.168.177.121,Android 14
142,43,2025-05-17 13:33:00,2025-05-17 13:44:00,192.168.127.130,iPhone iOS 18
143,52,2025-05-12 22:35:00,2025-05-13 01:01:00,192.168.127.78,iPhone iOS 18
144,98,2025-04-11 19:09:00,2025-04-11 22:09:00,192.168.94.125,Windows 11
145,36,2025-09-15 13:55:00,2025-09-15 14:45:00,192.168.154.89,Windows 11
146,43,2025-10-23 04:36:00,2025-10-23 06:42:00,192.168.9.108,iPhone iOS 18
147,48,2025-01-17 21:35:00,2025-01-17 23:55:00,192.168.171.254,Windows 10
148,98,2025-01-11 21:39:00,2025-01-11 23:06:00,192.168.190.135,Windows 11
149,98,2025-07-02 00:09:00,2025-07-02 00:47:00,192.168.226.169,MacOS 15
150,75,2025-05-02 20:47:00,2025-05-02 21:04:00,192.168.223.126,Android 14
151,51,2025-07-22 03:42:00,2025-07-22 07:00:00,192.168.235.55,Android 14
152,4,2025-09-02 02:59:00,2025-09-02 06:23:00,192.168.246.89,Android 14
153,43,2025-07-26 05:16:00,2025-07-26 05:51:00,192.168.171.3,Windows 10
154,37,2025-01-15 22:52:00,2025-01-16 02:13:00,192.168.236.216,Windows 10
155,2,2025-08-27 09:07:00,2025-08-27 13:59:00,192.168.255.192,Windows 10
156,46,2025-10-13 13:26:00,2025-10-13 14:05:00,192.168.221.10,Windows 10
157,42,2025-05-24 23:21:00,2025-05-24 23:56:00,192.168.214.171,iPhone iOS 18
158,70,2025-04-21 22:36:00,2025-04-22 02:13:00,192.168.65.104,Android 14
159,4,2025-09-11 21:23:00,2025-09-11 21:50:00,192.168.32.4,Android 14
160,75,2025-10-02 09:06:00,2025-10-02 11:44:00,192.168.13.35,iPhone iOS 18
161,88,2025-04-08 05:53:00,2025-04-08 07:29:00,192.168.136.207,iPhone iOS 18
162,61,2025-03-30 21:14:00,2025-03-31 00:55:00,192.168.216.92,Windows 10
163,96,2025-07-29 07:04:00,2025-07-29 08:05:00,192.168.193.170,Windows 11
164,62,2025-04-14 14:31:00,2025-04-14 15:37:00,192.168.193.89,Android 14
165,58,2025-03-01 06:15:00,2025-03-01 09:11:00,192.168.216.108,iPhone iOS 18
166,39,2025-06-27 05:04:00,2025-06-27 08:34:00,192.168.119.169,Windows 10
167,52,2025-04-16 15:37:00,2025-04-16 18:31:00,192.168.194.36,Android 14
168,12,2025-07-31 00:50:00,2025-07-31 04:29:00,192.168.245.145,Windows 10
169,70,2025-05-04 18:11:00,2025-05-04 20:53:00,192.168.166.214,Android 14
170,12,2025-06-23 00:43:00,2025-06-23 05:32:00,192.168.84.73,iPhone iOS 18
171,89,2025-03-28 22:16:00,2025-03-29 01:17:00,192.168.144.15,Windows 10
172,47,2025-01-09 05:45:00,2025-01-09 10:38:00,192.168.95.15,MacOS 15
173,51,2025-10-21 23:10:00,2025-10-22 00:35:00,192.168.129.137,Windows 11
174,9,2025-09-29 09:59:00,2025-09-29 12:00:00,192.168.183.26,Windows 11
175,38,2025-04-26 18:47:00,2025-04-26 19:50:00,192.168.180.164,Android 14
176,90,2025-05-26 03:32:00,2025-05-26 05:04:00,192.168.228.200,Windows 11
177,81,2025-06-17 07:10:00,2025-06-17 09:30:00,192.168.109.133,Android 14
178,61,2025-09-09 22:16:00,2025-09-09 22:52:00,192.168.194.21,Windows 11
179,71,2025-07-16 06:57:00,2025-07-16 09:56:00,192.168.21.235,MacOS 15
180,98,2025-09-04 23:51:00,2025-09-05 04:46:00,192.168.160.16,iPhone iOS 18
181,100,2025-02-27 17:11:00,2025-02-27 19:10:00,192.168.151.46,Android 14
182,36,2025-01-17 08:06:00,2025-01-17 12:03:00,192.168.15.141,MacOS 15
183,79,2025-08-27 23:52:00,2025-08-28 02:28:00,192.168.207.87,Windows 11
184,15,2025-02-17 20:37:00,2025-02-17 21:47:00,192.168.253.151,iPhone iOS 18
185,55,2025-09-12 11:02:00,2025-09-12 13:25:00,192.168.72.176,MacOS 15
186,66,2025-07-24 13:07:00,2025-07-24 13:28:00,192.168.168.64,Windows 11
187,81,2025-10-14 11:21:00,2025-10-14 12:17:00,192.168.66.105,iPhone iOS 18
188,30,2025-04-08 17:05:00,2025-04-08 19:54:00,192.168.51.116,Windows 10
189,91,2025-04-30 05:04:00,2025-04-30 09:52:00,192.168.70.79,Android 14
190,46,2025-04-02 23:04:00,2025-04-03 02:54:00,192.168.11.189,Android 14
191,1,2025-01-26 15:11:00,2025-01-26 18:48:00,192.168.136.205,Windows 11
192,97,2025-05-08 20:57:00,2025-05-08 23:14:00,192.168.223.55,Windows 10
193,81,2025-10-10 17:07:00,2025-10-10 22:05:00,192.168.182.196,MacOS 15
194,89,2025-05-02 18:28:00,2025-05-02 22:27:00,192.168.222.217,Windows 10
195,77,2025-10-25 19:24:00,2025-10-26 00:10:00,192.168.48.25,Android 14
196,98,2025-05-01 01:54:00,2025-05-01 04:45:00,192.168.91.167,MacOS 15
197,49,2025-04-04 11:28:00,2025-04-04 13:41:00,192.168.249.30,Windows 10
198,63,2025-06-26 07:46:00,2025-06-26 08:10:00,192.168.219.246,MacOS 15
199,97,2025-06-15 10:01:00,2025-06-15 11:49:00,192.168.168.54,iPhone iOS 18
200,63,2025-05-03 10:19:00,2025-05-03 12:40:00,192.168.29.48,iPhone iOS 18
201,14,2025-03-19 02:03:00,2025-03-19 03:47:00,192.168.244.118,Windows 10
202,71,2025-03-25 13:40:00,2025-03-25 14:53:00,192.168.250.53,Windows 10
203,15,2025-10-24 04:22:00,2025-10-24 04:56:00,192.168.125.137,Windows 11
204,30,2025-03-12 06:49:00,2025-03-12 07:55:00,192.168.52.143,Windows 10
205,83,2025-06-17 09:47:00,2025-06-17 12:03:00,192.168.24.122,Windows 11
206,57,2025-08-15 21:29:00,2025-08-16 01:20:00,192.168.146.147,MacOS 15
207,76,2025-07-11 06:56:00,2025-07-11 08:13:00,192.168.166.27,Android 14
208,39,2025-04-24 10:19:00,2025-04-24 13:30:00,192.168.30.203,Windows 11
209,80,2025-08-31 21:05:00,2025-09-01 00:05:00,192.168.141.154,Windows 11
210,98,2025-03-01 12:16:00,2025-03-01 16:52:00,192.168.45.232,Android 14
211,57,2025-04-11 16:14:00,2025-04-11 17:51:00,192.168.55.29,Windows 11
212,56,2025-07-12 06:38:00,2025-07-12 10:04:00,192.168.171.104,Windows 11
213,12,2025-10-05 00:44:00,2025-10-05 03:19:00,192.168.26.21,Windows 11
214,5,2025-03-16 19:44:00,2025-03-16 21:29:00,192.168.45.249,MacOS 15
215,62,2025-09-10 20:24:00,2025-09-10 22:41:00,192.168.11.118,Windows 11
216,89,2025-06-03 07:23:00,2025-06-03 08:18:00,192.168.148.172,iPhone iOS 18
217,5,2025-04-29 17:47:00,2025-04-29 22:38:00,192.168.170.138,iPhone iOS 18
218,16,2025-09-11 14:29:00,2025-09-11 17:25:00,192.168.198.35,Android 14
219,25,2025-04-15 07:03:00,2025-04-15 11:27:00,192.168.82.243,MacOS 15
220,48,2025-09-26 04:49:00,2025-09-26 06:18:00,192.168.59.226,Windows 10
221,81,2025-10-15 18:58:00,2025-10-15 22:43:00,192.168.77.153,Android 14
222,65,2025-02-15 13:10:00,2025-02-15 14:04:00,192.168.41.32,Windows 10
223,4,2025-09-20 09:51:00,2025-09-20 12:33:00,192.168.18.123,MacOS 15
224,34,2025-06-30 04:07:00,2025-06-30 04:28:00,192.168.42.204,MacOS 15
225,99,2025-01-22 12:28:00,2025-01-22 17:10:00,192.168.179.47,iPhone iOS 18
226,60,2025-08-26 20:59:00,2025-08-27 01:59:00,192.168.168.204,MacOS 15
227,72,2025-09-01 02:47:00,2025-09-01 03:32:00,192.168.66.81,Windows 10
228,22,2025-06-21 13:50:00,2025-06-21 16:51:00,192.168.116.34,Windows 10
229,43,2025-02-15 05:00:00,2025-02-15 09:52:00,192.168.44.202,MacOS 15
230,98,2025-02-21 06:13:00,2025-02-21 06:54:00,192.168.138.11,iPhone iOS 18
231,21,2025-03-06 00:50:00,2025-03-06 05:28:00,192.168.161.14,Windows 10
232,75,2025-05-08 16:09:00,2025-05-08 17:04:00,192.168.27.185,Windows 11
233,87,2025-08-21 22:04:00,2025-08-21 22:58:00,192.168.230.82,iPhone iOS 18
234,97,2025-04-05 14:41:00,2025-04-05 17:41:00,192.168.181.35,MacOS 15
235,70,2025-04-06 04:57:00,2025-04-06 05:37:00,192.168.182.162,Windows 10
236,47,2025-02-27 22:37:00,2025-02-28 01:34:00,192.168.103.99,Windows 10
237,61,2025-08-11 09:39:00,2025-08-11 12:17:00,192.168.82.96,iPhone iOS 18
238,4,2025-03-18 11:22:00,2025-03-18 11:56:00,192.168.68.73,Windows 10
239,45,2025-04-11 02:25:00,2025-04-11 07:11:00,192.168.28.231,Windows 11
240,27,2025-05-09 02:55:00,2025-05-09 04:49:00,192.168.76.121,MacOS 15
241,61,2025-06-26 05:27:00,2025-06-26 06:30:00,192.168.233.210,MacOS 15
242,47,2025-08-26 14:40:00,2025-08-26 19:06:00,192.168.213.175,Windows 10
243,78,2025-06-09 01:34:00,2025-06-09 05:32:00,192.168.177.41,MacOS 15
244,81,2025-02-26 12:59:00,2025-02-26 15:20:00,192.168.149.144,iPhone iOS 18
245,69,2025-03-23 08:51:00,2025-03-23 10:36:00,192.168.47.143,Windows 11
246,65,2025-10-06 13:23:00,2025-10-06 14:01:00,192.168.17.162,Android 14
247,51,2025-07-02 22:51:00,2025-07-03 02:39:00,192.168.118.147,MacOS 15
248,75,2025-06-14 08:07:00,2025-06-14 08:23:00,192.168.101.239,Windows 10
249,21,2025-04-10 06:45:00,2025-04-10 09:56:00,192.168.122.33,Windows 10
250,33,2025-06-06 01:19:00,2025-06-06 02:58:00,192.168.9.105,MacOS 15
251,37,2025-06-28 22:28:00,2025-06-29 02:42:00,192.168.2.43,Windows 10
252,81,2025-02-22 21:11:00,2025-02-23 01:09:00,192.168.252.47,Windows 11
253,12,2025-02-11 10:57:00,2025-02-11 12:09:00,192.168.216.29,Windows 10
254,99,2025-09-30 12:50:00,2025-09-30 17:00:00,192.168.6.117,Windows 10
255,97,2025-05-04 04:20:00,2025-05-04 06:51:00,192.168.205.253,Android 14
256,69,2025-09-29 13:16:00,2025-09-29 17:43:00,192.168.62.116,Windows 11
257,9,2025-09-19 20:30:00,2025-09-20 01:26:00,192.168.46.128,Windows 10
258,80,2025-09-23 07:11:00,2025-09-23 10:15:00,192.168.45.203,Android 14
259,80,2025-02-22 05:33:00,2025-02-22 07:49:00,192.168.89.197,Windows 10
260,84,2025-04-24 21:51:00,2025-04-24 22:26:00,192.168.117.161,MacOS 15
261,86,2025-05-01 22:14:00,2025-05-02 02:27:00,192.168.130.2,iPhone iOS 18
262,46,2025-09-11 18:23:00,2025-09-11 23:18:00,192.168.208.106,iPhone iOS 18
263,18,2025-06-29 15:24:00,2025-06-29 15:57:00,192.168.171.188,Windows 11
264,7,2025-09-21 21:43:00,2025-09-21 23:34:00,192.168.198.243,Windows 11
265,34,2025-08-12 01:37:00,2025-08-12 03:35:00,192.168.72.54,Windows 10
266,83,2025-02-18 04:26:00,2025-02-18 05:39:00,192.168.237.185,MacOS 15
267,22,2025-02-05 11:47:00,2025-02-05 13:38:00,192.168.212.25,iPhone iOS 18
268,39,2025-10-08 20:35:00,2025-10-08 23:08:00,192.168.120.61,Windows 10
269,12,2025-03-29 11:27:00,2025-03-29 15:30:00,192.168.205.92,Android 14
270,32,2025-03-02 22:01:00,2025-03-02 22:56:00,192.168.238.70,MacOS 15
271,10,2025-10-14 14:27:00,2025-10-14 17:40:00,192.168.95.225,MacOS 15
272,13,2025-09-16 22:29:00,2025-09-17 00:38:00,192.168.85.148,MacOS 15
273,90,2025-09-12 16:52:00,2025-09-12 19:03:00,192.168.0.102,MacOS 15
274,75,2025-09-16 20:12:00,2025-09-17 00:51:00,192.168.118.141,iPhone iOS 18
275,3,2025-02-26 01:32:00,2025-02-26 04:32:00,192.168.107.178,Windows 11
276,15,2025-08-27 11:41:00,2025-08-27 13:39:00,192.168.210.189,Android 14
277,90,2025-07-26 21:47:00,2025-07-27 00:15:00,192.168.136.125,Windows 10
278,25,2025-06-24 01:27:00,2025-06-24 05:55:00,192.168.213.112,iPhone iOS 18
279,74,2025-03-22 23:45:00,2025-03-23 03:21:00,192.168.221.11,Windows 11
280,36,2025-01-16 16:20:00,2025-01-16 18:08:00,192.168.201.126,Windows 10
281,97,2025-05-24 07:58:00,2025-05-24 09:41:00,192.168.126.110,Android 14
282,29,2025-08-03 08:02:00,2025-08-03 10:13:00,192.168.16.217,Android 14
283,9,2025-07-19 18:35:00,2025-07-19 21:42:00,192.168.24.240,MacOS 15
284,22,2025-09-28 05:57:00,2025-09-28 07:02:00,192.168.28.5,iPhone iOS 18
285,79,2025-08-16 15:09:00,2025-08-16 19:09:00,192.168.190.8,iPhone iOS 18
286,58,2025-02-01 17:26:00,2025-02-01 22:19:00,192.168.36.75,iPhone iOS 18
287,27,2025-10-02 18:15:00,2025-10-02 21:44:00,192.168.183.26,Android 14
288,76,2025-08-04 18:36:00,2025-08-04 18:50:00,192.168.208.75,Windows 11
289,23,2025-01-05 14:41:00,2025-01-05 15:36:00,192.168.66.198,Android 14
290,40,2025-10-15 13:26:00,2025-10-15 18:20:00,192.168.145.76,MacOS 15
291,9,2025-07-04 07:49:00,2025-07-04 10:17:00,192.168.165.252,Windows 10
292,37,2025-05-13 02:29:00,2025-05-13 05:10:00,192.168.2.48,Windows 11
293,41,2025-01-05 00:41:00,2025-01-05 03:16:00,192.168.242.179,Android 14
294,26,2025-04-12 00:01:00,2025-04-12 03:59:00,192.168.43.178,iPhone iOS 18
295,83,2025-05-25 22:58:00,2025-05-26 02:28:00,192.168.155.50,Android 14
296,91,2025-03-28 23:56:00,2025-03-29 03:01:00,192.168.222.172,Windows 11
297,88,2025-07-30 14:11:00,2025-07-30 16:26:00,192.168.62.167,Windows 11
298,81,2025-05-07 07:09:00,2025-05-07 11:25:00,192.168.215.246,Windows 11
299,29,2025-08-07 03:49:00,2025-08-07 08:42:00,192.168.114.123,Windows 11
300,61,2025-02-02 19:39:00,2025-02-02 20:12:00,192.168.60.15,Android 14
301,12,2025-03-02 20:33:00,2025-03-03 00:33:00,192.168.138.202,MacOS 15
302,55,2025-01-31 22:29:00,2025-02-01 03:20:00,192.168.234.255,Android 14
303,34,2025-07-15 23:17:00,2025-07-16 02:11:00,192.168.133.248,Windows 10
304,86,2025-08-27 21:18:00,2025-08-28 00:26:00,192.168.17.58,Android 14
305,95,2025-07-23 19:09:00,2025-07-23 23:06:00,192.168.58.224,Windows 10
306,29,2025-03-12 08:06:00,2025-03-12 09:29:00,192.168.114.135,iPhone iOS 18
307,84,2025-09-25 04:50:00,2025-09-25 09:15:00,192.168.95.31,iPhone iOS 18
308,42,2025-03-22 15:47:00,2025-03-22 19:14:00,192.168.177.232,iPhone iOS 18
309,20,2025-05-27 17:20:00,2025-05-27 18:27:00,192.168.53.93,Windows 10
310,28,2025-07-15 15:03:00,2025-07-15 16:20:00,192.168.135.101,Android 14
311,76,2025-04-26 15:11:00,2025-04-26 17:43:00,192.168.251.131,Windows 10
312,94,2025-09-25 05:12:00,2025-09-25 07:10:00,192.168.56.238,iPhone iOS 18
313,76,2025-09-19 00:45:00,2025-09-19 05:07:00,192.168.106.171,Android 14
314,11,2025-01-21 11:08:00,2025-01-21 15:19:00,192.168.249.23,Windows 10
315,37,2025-09-02 00:56:00,2025-09-02 01:57:00,192.168.238.154,Windows 11
316,23,2025-08-24 00:02:00,2025-08-24 02:08:00,192.168.13.176,Windows 10
317,14,2025-08-04 21:32:00,2025-08-05 00:49:00,192.168.138.31,Android 14
318,34,2025-04-25 21:09:00,2025-04-25 23:10:00,192.168.128.187,MacOS 15
319,55,2025-08-26 21:13:00,2025-08-27 00:29:00,192.168.187.134,iPhone iOS 18
320,83,2025-09-19 12:44:00,2025-09-19 14:54:00,192.168.193.16,MacOS 15
321,57,2025-09-20 20:12:00,2025-09-20 23:42:00,192.168.113.178,iPhone iOS 18
322,48,2025-10-23 21:17:00,2025-10-24 00:10:00,192.168.151.103,Android 14
323,92,2025-02-16 03:44:00,2025-02-16 07:06:00,192.168.95.0,iPhone iOS 18
324,60,2025-09-12 20:26:00,2025-09-13 01:06:00,192.168.63.234,Android 14
325,2,2025-07-29 00:21:00,2025-07-29 01:59:00,192.168.237.132,MacOS 15
326,21,2025-01-04 17:20:00,2025-01-04 20:51:00,192.168.48.158,iPhone iOS 18
327,29,2025-02-28 00:54:00,2025-02-28 05:34:00,192.168.37.1,Android 14
328,2,2025-01-26 19:01:00,2025-01-26 19:44:00,192.168.71.47,Windows 10
329,49,2025-03-12 01:55:00,2025-03-12 05:58:00,192.168.65.162,iPhone iOS 18
330,19,2025-09-21 01:25:00,2025-09-21 02:18:00,192.168.198.254,MacOS 15
331,88,2025-08-05 11:24:00,2025-08-05 12:54:00,192.168.151.216,iPhone iOS 18
332,91,2025-06-19 18:47:00,2025-06-19 20:19:00,192.168.215.107,Windows 11
333,13,2025-09-05 09:53:00,2025-09-05 12:53:00,192.168.234.142,iPhone iOS 18
334,65,2025-01-23 23:15:00,2025-01-24 03:33:00,192.168.39.176,Android 14
335,6,2025-02-03 03:14:00,2025-02-03 05:14:00,192.168.108.212,Windows 11
336,13,2025-05-12 22:35:00,2025-05-13 03:18:00,192.168.118.80,iPhone iOS 18
337,37,2025-03-07 16:10:00,2025-03-07 16:49:00,192.168.48.156,iPhone iOS 18
338,76,2025-01-28 03:26:00,2025-01-28 06:09:00,192.168.201.21,Windows 10
339,90,2025-08-10 20:13:00,2025-08-10 23:27:00,192.168.67.84,Windows 11
340,72,2025-02-17 18:18:00,2025-02-17 20:25:00,192.168.142.0,Windows 11
341,34,2025-06-19 02:36:00,2025-06-19 07:26:00,192.168.77.175,Windows 11
342,46,2025-09-12 13:25:00,2025-09-12 16:55:00,192.168.18.125,Android 14
343,58,2025-09-01 15:14:00,2025-09-01 16:31:00,192.168.204.95,Android 14
344,78,2025-03-21 23:36:00,2025-03-22 04:18:00,192.168.227.58,iPhone iOS 18
345,63,2025-06-04 20:47:00,2025-06-05 01:25:00,192.168.201.142,Windows 11
346,42,2025-06-08 00:08:00,2025-06-08 03:29:00,192.168.4.28,Android 14
347,83,2025-05-17 16:53:00,2025-05-17 18:17:00,192.168.155.187,MacOS 15
348,9,2025-06-29 10:27:00,2025-06-29 12:53:00,192.168.162.195,MacOS 15
349,94,2025-08-20 23:40:00,2025-08-21 04:08:00,192.168.235.127,iPhone iOS 18
350,42,2025-02-12 19:41:00,2025-02-13 00:26:00,192.168.106.64,MacOS 15
351,71,2025-10-09 04:46:00,2025-10-09 07:14:00,192.168.27.234,Android 14
352,65,2025-09-21 07:37:00,2025-09-21 11:37:00,192.168.35.233,Windows 10
353,19,2025-08-30 10:42:00,2025-08-30 15:10:00,192.168.161.91,MacOS 15
354,12,2025-08-30 11:25:00,2025-08-30 13:06:00,192.168.255.68,iPhone iOS 18
355,55,2025-04-06 13:06:00,2025-04-06 14:26:00,192.168.78.76,Android 14
356,97,2025-02-08 15:01:00,2025-02-08 17:49:00,192.168.138.151,MacOS 15
357,22,2025-07-18 14:22:00,2025-07-18 16:33:00,192.168.108.49,Windows 11
358,5,2025-06-24 09:05:00,2025-06-24 12:17:00,192.168.76.42,Android 14
359,85,2025-04-28 14:20:00,2025-04-28 16:09:00,192.168.65.242,iPhone iOS 18
360,26,2025-01-15 13:29:00,2025-01-15 16:21:00,192.168.249.248,Windows 10
361,34,2025-07-21 19:51:00,2025-07-22 00:12:00,192.168.43.224,Android 14
362,62,2025-01-12 13:04:00,2025-01-12 16:51:00,192.168.51.69,MacOS 15
363,83,2025-09-08 17:27:00,2025-09-08 17:46:00,192.168.10.14,Windows 11
364,55,2025-09-30 00:32:00,2025-09-30 03:50:00,192.168.164.75,Windows 11
365,21,2025-06-11 19:32:00,2025-06-11 20:23:00,192.168.51.248,Windows 11
366,85,2025-03-27 18:02:00,2025-03-27 21:03:00,192.168.153.90,iPhone iOS 18
367,85,2025-02-17 06:50:00,2025-02-17 11:49:00,192.168.197.82,iPhone iOS 18
368,5,2025-01-15 17:08:00,2025-01-15 20:46:00,192.168.145.191,MacOS 15
369,4,2025-03-05 02:14:00,2025-03-05 04:29:00,192.168.103.246,Android 14
370,76,2025-10-20 22:51:00,2025-10-20 23:34:00,192.168.242.28,Windows 11
371,69,2025-09-17 11:48:00,2025-09-17 14:52:00,192.168.234.250,Android 14
372,72,2025-04-15 07:26:00,2025-04-15 11:08:00,192.168.87.233,MacOS 15
373,12,2025-10-17 15:02:00,2025-10-17 16:45:00,192.168.99.185,Windows 10
374,7,2025-05-14 08:41:00,2025-05-14 12:04:00,192.168.231.199,MacOS 15
375,14,2025-09-25 10:46:00,2025-09-25 11:18:00,192.168.186.81,Windows 11
376,41,2025-10-22 22:13:00,2025-10-23 03:11:00,192.168.15.212,iPhone iOS 18
377,53,2025-06-25 23:42:00,2025-06-26 02:03:00,192.168.18.140,Windows 10
378,18,2025-10-20 12:46:00,2025-10-20 13:24:00,192.168.67.25,Windows 11
379,76,2025-07-24 12:42:00,2025-07-24 14:05:00,192.168.10.70,iPhone iOS 18
380,11,2025-03-15 14:47:00,2025-03-15 19:29:00,192.168.12.201,Windows 11
381,78,2025-07-16 05:29:00,2025-07-16 09:09:00,192.168.47.74,iPhone iOS 18
382,52,2025-07-27 01:22:00,2025-07-27 01:33:00,192.168.38.11,MacOS 15
383,57,2025-09-15 15:45:00,2025-09-15 16:34:00,192.168.216.5,Android 14
384,5,2025-10-05 01:21:00,2025-10-05 02:01:00,192.168.95.234,iPhone iOS 18
385,41,2025-04-09 14:23:00,2025-04-09 18:51:00,192.168.49.149,Windows 10
386,68,2025-01-07 12:53:00,2025-01-07 13:40:00,192.168.159.135,MacOS 15
387,42,2025-07-22 06:56:00,2025-07-22 09:32:00,192.168.197.67,iPhone iOS 18
388,85,2025-07-29 02:15:00,2025-07-29 02:57:00,192.168.14.224,MacOS 15
389,70,2025-08-07 00:35:00,2025-08-07 04:09:00,192.168.116.20,iPhone iOS 18
390,55,2025-06-09 15:38:00,2025-06-09 16:42:00,192.168.93.17,Windows 10
391,32,2025-06-08 21:08:00,2025-06-09 01:21:00,192.168.180.103,Windows 11
392,69,2025-01-12 05:29:00,2025-01-12 08:16:00,192.168.127.156,Windows 10
393,26,2025-10-05 08:13:00,2025-10-05 11:41:00,192.168.31.75,Android 14
394,9,2025-09-27 00:41:00,2025-09-27 01:36:00,192.168.43.244,Windows 11
395,22,2025-07-18 03:27:00,2025-07-18 05:50:00,192.168.214.131,iPhone iOS 18
396,94,2025-02-24 13:59:00,2025-02-24 16:47:00,192.168.123.125,Android 14
397,2,2025-03-10 07:06:00,2025-03-10 09:23:00,192.168.182.138,Windows 11
398,36,2025-03-17 15:24:00,2025-03-17 17:44:00,192.168.170.96,Android 14
399,38,2025-08-27 04:04:00,2025-08-27 06:01:00,192.168.4.238,Windows 10
400,61,2025-07-22 23:09:00,2025-07-23 03:22:00,192.168.131.164,Windows 11
401,24,2025-07-10 02:29:00,2025-07-10 05:40:00,192.168.56.120,iPhone iOS 18
402,73,2025-07-01 16:07:00,2025-07-01 18:11:00,192.168.199.170,Android 14
403,65,2025-06-14 23:45:00,2025-06-15 03:10:00,192.168.1.191,Android 14
404,32,2025-04-15 19:20:00,2025-04-15 22:08:00,192.168.66.62,Windows 10
405,96,2025-03-01 18:52:00,2025-03-01 23:23:00,192.168.5.39,Android 14
406,21,2025-03-19 01:58:00,2025-03-19 02:43:00,192.168.236.181,Windows 10
407,65,2025-05-12 17:33:00,2025-05-12 18:02:00,192.168.34.30,Android 14
408,80,2025-06-04 00:29:00,2025-06-04 03:02:00,192.168.67.14,iPhone iOS 18
409,80,2025-05-12 08:07:00,2025-05-12 11:43:00,192.168.87.78,iPhone iOS 18
410,30,2025-09-07 15:36:00,2025-09-07 17:34:00,192.168.87.222,Android 14
411,30,2025-04-25 17:46:00,2025-04-25 21:41:00,192.168.180.69,MacOS 15
412,59,2025-03-11 18:38:00,2025-03-11 20:37:00,192.168.106.207,iPhone iOS 18
413,98,2025-06-04 17:19:00,2025-06-04 19:33:00,192.168.28.17,Windows 10
414,71,2025-04-13 17:32:00,2025-04-13 19:54:00,192.168.254.22,iPhone iOS 18
415,10,2025-10-15 09:57:00,2025-10-15 12:05:00,192.168.15.236,MacOS 15
416,11,2025-07-07 19:16:00,2025-07-07 20:32:00,192.168.195.76,Android 14
417,70,2025-03-20 01:17:00,2025-03-20 04:30:00,192.168.74.15,Windows 10
418,39,2025-07-01 03:18:00,2025-07-01 04:51:00,192.168.168.138,Android 14
419,44,2025-05-21 02:26:00,2025-05-21 07:24:00,192.168.154.11,Android 14
420,4,2025-02-27 13:59:00,2025-02-27 14:47:00,192.168.189.119,Android 14
421,93,2025-07-16 10:28:00,2025-07-16 13:08:00,192.168.168.36,Windows 10
422,43,2025-04-22 03:04:00,2025-04-22 04:13:00,192.168.201.209,iPhone iOS 18
423,15,2025-07-06 22:00:00,2025-07-07 01:09:00,192.168.8.160,iPhone iOS 18
424,35,2025-04-05 01:22:00,2025-04-05 03:21:00,192.168.227.70,iPhone iOS 18
425,64,2025-03-27 02:45:00,2025-03-27 04:16:00,192.168.200.146,Android 14
426,81,2025-04-07 12:19:00,2025-04-07 16:32:00,192.168.29.103,Windows 11
427,59,2025-09-09 17:21:00,2025-09-09 19:30:00,192.168.71.109,Windows 11
428,71,2025-03-15 16:57:00,2025-03-15 17:42:00,192.168.252.120,Windows 10
429,71,2025-10-04 06:12:00,2025-10-04 07:33:00,192.168.134.84,Windows 11
430,78,2025-08-13 04:40:00,2025-08-13 07:38:00,192.168.149.39,MacOS 15
431,38,2025-08-17 15:22:00,2025-08-17 15:35:00,192.168.202.225,Android 14
432,17,2025-05-16 04:51:00,2025-05-16 08:52:00,192.168.111.187,MacOS 15
433,86,2025-03-21 10:59:00,2025-03-21 13:05:00,192.168.176.53,MacOS 15
434,95,2025-07-15 01:13:00,2025-07-15 01:57:00,192.168.239.137,Android 14
435,34,2025-02-14 02:51:00,2025-02-14 07:43:00,192.168.105.59,iPhone iOS 18
436,71,2025-07-30 19:23:00,2025-07-30 22:32:00,192.168.229.206,MacOS 15
437,45,2025-09-16 23:50:00,2025-09-17 02:40:00,192.168.44.7,Windows 10
438,23,2025-05-21 17:26:00,2025-05-21 19:32:00,192.168.243.243,iPhone iOS 18
439,97,2025-05-28 06:27:00,2025-05-28 09:01:00,192.168.59.48,MacOS 15
440,66,2025-02-17 13:00:00,2025-02-17 13:51:00,192.168.120.239,MacOS 15
441,72,2025-07-29 00:32:00,2025-07-29 02:21:00,192.168.24.70,Windows 11
442,9,2025-04-12 20:41:00,2025-04-12 23:50:00,192.168.187.122,iPhone iOS 18
443,88,2025-10-02 08:21:00,2025-10-02 09:50:00,192.168.0.24,Windows 10
444,88,2025-03-22 23:39:00,2025-03-23 03:06:00,192.168.244.11,Windows 11
445,54,2025-10-14 01:40:00,2025-10-14 03:49:00,192.168.65.81,MacOS 15
446,97,2025-07-13 07:58:00,2025-07-13 10:54:00,192.168.116.146,MacOS 15
447,68,2025-03-27 09:33:00,2025-03-27 09:45:00,192.168.11.37,Windows 11
448,20,2025-05-06 15:35:00,2025-05-06 17:27:00,192.168.121.52,Windows 10
449,55,2025-09-02 20:06:00,2025-09-02 21:08:00,192.168.19.203,MacOS 15
450,12,2025-08-11 00:15:00,2025-08-11 02:52:00,192.168.43.13,MacOS 15
451,89,2025-09-07 04:42:00,2025-09-07 05:50:00,192.168.32.52,MacOS 15
452,27,2025-05-16 02:22:00,2025-05-16 05:33:00,192.168.117.204,Android 14
453,21,2025-04-22 20:42:00,2025-04-22 21:59:00,192.168.209.21,Windows 11
454,99,2025-10-18 14:02:00,2025-10-18 15:48:00,192.168.238.250,Windows 10
455,12,2025-01-15 23:37:00,2025-01-15 23:52:00,192.168.195.235,iPhone iOS 18
456,85,2025-06-20 23:40:00,2025-06-21 03:23:00,192.168.164.23,Windows 11
457,95,2025-05-24 04:04:00,2025-05-24 08:38:00,192.168.74.62,Windows 11
458,61,2025-10-12 02:51:00,2025-10-12 07:16:00,192.168.181.198,Android 14
459,15,2025-02-23 20:08:00,2025-02-23 20:44:00,192.168.237.147,MacOS 15
460,46,2025-07-07 04:08:00,2025-07-07 06:42:00,192.168.20.147,Windows 10
461,43,2025-01-17 22:38:00,2025-01-18 03:15:00,192.168.53.123,iPhone iOS 18
462,10,2025-07-21 09:55:00,2025-07-21 12:56:00,192.168.108.74,iPhone iOS 18
463,92,2025-07-16 22:55:00,2025-07-17 00:34:00,192.168.182.202,MacOS 15
464,46,2025-02-25 16:26:00,2025-02-25 17:30:00,192.168.193.252,Windows 11
465,19,2025-10-17 14:23:00,2025-10-17 17:47:00,192.168.229.59,Android 14
466,42,2025-01-30 09:27:00,2025-01-30 11:19:00,192.168.70.57,Windows 11
467,66,2025-08-08 03:47:00,2025-08-08 05:36:00,192.168.37.25,Windows 10
468,88,2025-05-07 01:39:00,2025-05-07 02:43:00,192.168.98.113,MacOS 15
469,17,2025-04-01 04:17:00,2025-04-01 05:30:00,192.168.89.185,Android 14
470,46,2025-01-31 20:29:00,2025-01-31 22:53:00,192.168.146.183,MacOS 15
471,30,2025-02-18 03:56:00,2025-02-18 08:55:00,192.168.166.136,iPhone iOS 18
472,13,2025-07-04 11:31:00,2025-07-04 15:53:00,192.168.25.90,Android 14
473,63,2025-07-24 19:01:00,2025-07-24 19:18:00,192.168.210.132,Windows 10
474,2,2025-08-02 14:58:00,2025-08-02 17:45:00,192.168.72.157,Windows 11
475,10,2025-06-25 08:16:00,2025-06-25 11:31:00,192.168.248.158,Windows 10
476,58,2025-05-04 10:31:00,2025-05-04 15:28:00,192.168.244.5,Windows 11
477,99,2025-07-12 18:04:00,2025-07-12 21:13:00,192.168.194.126,Windows 11
478,50,2025-09-04 08:25:00,2025-09-04 11:01:00,192.168.184.29,iPhone iOS 18
479,1,2025-09-21 07:18:00,2025-09-21 11:38:00,192.168.227.64,Android 14
480,57,2025-07-03 06:54:00,2025-07-03 07:34:00,192.168.135.168,Windows 10
481,44,2025-09-13 11:29:00,2025-09-13 12:44:00,192.168.93.44,iPhone iOS 18
482,85,2025-08-21 13:57:00,2025-08-21 18:10:00,192.168.164.55,Android 14
483,92,2025-02-11 20:05:00,2025-02-11 22:53:00,192.168.22.50,Android 14
484,100,2025-01-28 17:40:00,2025-01-28 19:45:00,192.168.25.129,Windows 10
485,34,2025-07-12 07:09:00,2025-07-12 09:02:00,192.168.111.144,MacOS 15
486,38,2025-04-30 19:22:00,2025-04-30 23:49:00,192.168.10.112,Windows 10
487,35,2025-10-04 04:26:00,2025-10-04 09:01:00,192.168.192.11,Windows 11
488,20,2025-04-17 01:00:00,2025-04-17 04:27:00,192.168.155.32,iPhone iOS 18
489,94,2025-06-18 14:38:00,2025-06-18 19:11:00,192.168.161.65,Windows 11
490,3,2025-10-07 01:34:00,2025-10-07 05:30:00,192.168.99.135,Windows 10
491,58,2025-10-22 19:09:00,2025-10-22 19:52:00,192.168.15.173,iPhone iOS 18
492,94,2025-09-19 02:25:00,2025-09-19 06:19:00,192.168.161.172,Windows 10
493,69,2025-10-22 08:47:00,2025-10-22 09:40:00,192.168.171.244,Android 14
494,71,2025-02-11 12:05:00,2025-02-11 17:01:00,192.168.126.145,MacOS 15
495,70,2025-01-12 17:13:00,2025-01-12 18:40:00,192.168.231.163,MacOS 15
496,14,2025-06-01 12:13:00,2025-06-01 12:42:00,192.168.124.152,Windows 10
497,53,2025-02-21 01:44:00,2025-02-21 05:59:00,192.168.49.160,iPhone iOS 18
498,29,2025-09-05 21:26:00,2025-09-06 02:25:00,192.168.70.142,MacOS 15
499,23,2025-04-23 16:16:00,2025-04-23 20:12:00,192.168.194.184,MacOS 15
500,35,2025-05-14 05:56:00,2025-05-14 10:03:00,192.168.72.196,MacOS 15
501,32,2025-09-20 02:51:00,2025-09-20 06:30:00,192.168.192.4,Windows 10
502,11,2025-03-18 05:31:00,2025-03-18 05:55:00,192.168.179.183,iPhone iOS 18
503,69,2025-05-27 13:29:00,2025-05-27 14:49:00,192.168.119.201,MacOS 15
504,37,2025-03-01 12:10:00,2025-03-01 17:09:00,192.168.121.254,Windows 10
505,100,2025-09-21 01:49:00,2025-09-21 04:58:00,192.168.65.248,iPhone iOS 18
506,3,2025-03-25 23:16:00,2025-03-26 02:31:00,192.168.162.86,iPhone iOS 18
507,31,2025-05-15 00:55:00,2025-05-15 03:59:00,192.168.129.160,Windows 10
508,27,2025-05-17 19:34:00,2025-05-17 22:09:00,192.168.70.240,Windows 11
509,29,2025-06-19 16:33:00,2025-06-19 18:41:00,192.168.203.56,Android 14
510,27,2025-10-05 00:17:00,2025-10-05 03:58:00,192.168.147.161,iPhone iOS 18
511,8,2025-09-18 14:11:00,2025-09-18 18:49:00,192.168.227.6,Android 14
512,11,2025-02-10 19:30:00,2025-02-10 23:44:00,192.168.239.68,Windows 11
513,62,2025-04-12 09:44:00,2025-04-12 11:31:00,192.168.154.60,Windows 11
514,29,2025-08-02 08:57:00,2025-08-02 10:20:00,192.168.5.148,Windows 11
515,56,2025-02-22 12:22:00,2025-02-22 13:00:00,192.168.224.179,Windows 11
516,78,2025-04-08 04:37:00,2025-04-08 05:12:00,192.168.136.99,Windows 10
517,71,2025-09-10 01:40:00,2025-09-10 04:04:00,192.168.102.31,MacOS 15
518,80,2025-06-27 03:17:00,2025-06-27 04:05:00,192.168.203.234,iPhone iOS 18
519,21,2025-04-07 22:33:00,2025-04-08 00:25:00,192.168.191.213,Windows 11
520,9,2025-03-02 20:56:00,2025-03-03 01:45:00,192.168.39.6,Windows 10
521,38,2025-03-22 05:40:00,2025-03-22 10:01:00,192.168.238.180,Android 14
522,45,2025-10-23 09:20:00,2025-10-23 10:57:00,192.168.23.164,Windows 11
523,25,2025-09-02 18:42:00,2025-09-02 21:21:00,192.168.221.75,Android 14
524,28,2025-01-24 16:51:00,2025-01-24 19:15:00,192.168.75.250,Windows 10
525,57,2025-06-27 13:21:00,2025-06-27 14:01:00,192.168.254.34,Windows 10
526,58,2025-10-05 10:06:00,2025-10-05 13:31:00,192.168.246.78,Windows 11
527,49,2025-06-08 17:32:00,2025-06-08 22:31:00,192.168.42.209,Windows 11
528,69,2025-01-29 02:32:00,2025-01-29 06:22:00,192.168.23.186,Android 14
529,80,2025-09-08 08:27:00,2025-09-08 09:20:00,192.168.169.185,Windows 10
530,93,2025-05-15 11:11:00,2025-05-15 13:12:00,192.168.136.161,MacOS 15
531,74,2025-03-14 22:38:00,2025-03-15 03:16:00,192.168.118.117,Android 14
532,32,2025-07-10 04:24:00,2025-07-10 07:52:00,192.168.153.183,Windows 11
533,3,2025-10-01 10:02:00,2025-10-01 10:55:00,192.168.63.178,Android 14
534,97,2025-06-20 07:06:00,2025-06-20 07:25:00,192.168.108.91,Windows 10
535,20,2025-10-26 05:33:00,2025-10-26 05:43:00,192.168.72.173,Android 14
536,96,2025-09-08 02:37:00,2025-09-08 03:18:00,192.168.65.146,MacOS 15
537,88,2025-08-20 22:39:00,2025-08-21 03:23:00,192.168.9.226,Android 14
538,27,2025-03-08 19:21:00,2025-03-08 21:53:00,192.168.42.41,Android 14
539,2,2025-10-18 11:43:00,2025-10-18 15:22:00,192.168.68.55,iPhone iOS 18
540,26,2025-08-22 04:35:00,2025-08-22 06:13:00,192.168.221.43,Windows 11
541,3,2025-01-03 18:36:00,2025-01-03 19:00:00,192.168.69.118,iPhone iOS 18
542,97,2025-03-25 23:40:00,2025-03-26 01:04:00,192.168.86.204,MacOS 15
543,74,2025-09-19 09:53:00,2025-09-19 10:56:00,192.168.29.216,Windows 11
544,53,2025-10-23 13:05:00,2025-10-23 14:51:00,192.168.116.225,Windows 11
545,71,2025-04-12 09:58:00,2025-04-12 11:14:00,192.168.178.119,Windows 11
546,15,2025-10-11 19:26:00,2025-10-11 20:51:00,192.168.234.23,Android 14
547,6,2025-08-28 05:03:00,2025-08-28 09:14:00,192.168.46.65,Windows 10
548,28,2025-06-23 19:13:00,2025-06-23 23:34:00,192.168.35.185,Windows 10
549,65,2025-06-07 16:22:00,2025-06-07 20:55:00,192.168.111.40,Windows 10
550,93,2025-02-09 00:51:00,2025-02-09 05:26:00,192.168.36.119,Windows 10
551,60,2025-07-03 05:31:00,2025-07-03 07:39:00,192.168.176.139,Android 14
552,39,2025-03-12 17:15:00,2025-03-12 21:57:00,192.168.249.127,Android 14
553,63,2025-07-17 03:33:00,2025-07-17 04:02:00,192.168.3.187,Windows 11
554,29,2025-06-04 11:31:00,2025-06-04 13:06:00,192.168.38.139,Windows 11
555,80,2025-05-06 04:06:00,2025-05-06 04:49:00,192.168.7.252,iPhone iOS 18
556,62,2025-10-11 19:55:00,2025-10-11 21:27:00,192.168.179.215,Windows 10
557,78,2025-02-12 10:51:00,2025-02-12 11:15:00,192.168.102.221,iPhone iOS 18
558,85,2025-06-19 13:47:00,2025-06-19 17:08:00,192.168.135.24,Android 14
559,18,2025-07-20 01:52:00,2025-07-20 03:36:00,192.168.59.156,iPhone iOS 18
560,2,2025-09-22 18:50:00,2025-09-22 23:43:00,192.168.210.68,MacOS 15
561,17,2025-06-15 11:04:00,2025-06-15 12:57:00,192.168.99.1,Android 14
562,84,2025-02-24 05:01:00,2025-02-24 09:13:00,192.168.17.243,Android 14
563,50,2025-01-03 04:29:00,2025-01-03 07:11:00,192.168.208.42,MacOS 15
564,3,2025-07-11 17:32:00,2025-07-11 18:47:00,192.168.53.167,Android 14
565,83,2025-09-27 22:17:00,2025-09-27 23:00:00,192.168.165.207,iPhone iOS 18
566,34,2025-10-19 19:36:00,2025-10-20 00:01:00,192.168.20.234,Android 14
567,42,2025-06-22 22:34:00,2025-06-23 01:42:00,192.168.158.78,iPhone iOS 18
568,38,2025-02-08 07:26:00,2025-02-08 09:17:00,192.168.52.135,MacOS 15
569,66,2025-04-08 16:56:00,2025-04-08 17:08:00,192.168.167.31,Windows 10
570,63,2025-01-11 21:41:00,2025-01-11 23:11:00,192.168.83.139,iPhone iOS 18
571,42,2025-02-07 19:15:00,2025-02-07 20:14:00,192.168.58.244,Windows 11
572,1,2025-07-27 17:50:00,2025-07-27 22:12:00,192.168.79.132,Windows 11
573,83,2025-01-20 04:38:00,2025-01-20 07:16:00,192.168.228.204,Android 14
574,17,2025-07-03 11:51:00,2025-07-03 14:58:00,192.168.191.92,Windows 11
575,3,2025-01-15 02:17:00,2025-01-15 06:05:00,192.168.108.32,Android 14
576,1,2025-05-19 15:48:00,2025-05-19 18:28:00,192.168.161.91,Android 14
577,27,2025-05-27 21:46:00,2025-05-28 01:02:00,192.168.120.176,MacOS 15
578,84,2025-06-13 16:11:00,2025-06-13 17:07:00,192.168.1.3,MacOS 15
579,17,2025-08-14 06:21:00,2025-08-14 08:34:00,192.168.255.157,Windows 10
580,21,2025-10-14 15:02:00,2025-10-14 19:19:00,192.168.210.60,Windows 10
581,90,2025-03-22 02:44:00,2025-03-22 07:19:00,192.168.47.122,Android 14
582,52,2025-09-09 06:51:00,2025-09-09 10:07:00,192.168.173.16,MacOS 15
583,82,2025-05-16 17:54:00,2025-05-16 19:02:00,192.168.28.18,iPhone iOS 18
584,69,2025-07-10 22:07:00,2025-07-11 00:14:00,192.168.121.62,Android 14
585,89,2025-04-28 19:11:00,2025-04-28 21:30:00,192.168.66.157,iPhone iOS 18
586,50,2025-01-12 17:05:00,2025-01-12 21:08:00,192.168.190.193,Windows 11
587,17,2025-06-25 07:21:00,2025-06-25 12:02:00,192.168.24.247,iPhone iOS 18
588,79,2025-09-07 05:03:00,2025-09-07 09:41:00,192.168.162.193,Android 14
589,56,2025-10-16 15:17:00,2025-10-16 17:06:00,192.168.100.165,Android 14
590,28,2025-03-30 05:41:00,2025-03-30 10:18:00,192.168.226.133,Android 14
591,28,2025-09-27 05:34:00,2025-09-27 06:41:00,192.168.124.148,iPhone iOS 18
592,73,2025-01-05 21:01:00,2025-01-05 21:29:00,192.168.197.29,Windows 10
593,96,2025-07-31 05:58:00,2025-07-31 06:55:00,192.168.44.213,MacOS 15
594,30,2025-10-23 22:00:00,2025-10-23 23:13:00,192.168.69.91,iPhone iOS 18
595,58,2025-07-30 13:10:00,2025-07-30 18:05:00,192.168.69.214,Windows 10
596,32,2025-10-26 23:57:00,2025-10-27 02:46:00,192.168.233.60,Windows 11
597,23,2025-02-09 08:28:00,2025-02-09 12:52:00,192.168.199.96,Android 14
598,65,2025-09-16 07:00:00,2025-09-16 08:55:00,192.168.80.50,Android 14
599,53,2025-02-04 09:27:00,2025-02-04 10:13:00,192.168.5.119,Windows 11
600,50,2025-10-08 12:41:00,2025-10-08 16:13:00,192.168.209.134,iPhone iOS 18
601,92,2025-02-03 00:16:00,2025-02-03 00:36:00,192.168.87.192,iPhone iOS 18
602,27,2025-08-22 22:26:00,2025-08-22 22:37:00,192.168.102.61,iPhone iOS 18
603,14,2025-05-12 01:50:00,2025-05-12 05:28:00,192.168.226.143,iPhone iOS 18
604,90,2025-06-20 02:09:00,2025-06-20 06:46:00,192.168.101.178,Android 14
605,54,2025-06-16 01:31:00,2025-06-16 05:35:00,192.168.236.84,Windows 10
606,3,2025-02-24 11:14:00,2025-02-24 15:50:00,192.168.137.110,Windows 11
607,17,2025-06-22 07:48:00,2025-06-22 09:02:00,192.168.8.171,Windows 11
608,39,2025-08-23 15:55:00,2025-08-23 20:37:00,192.168.247.19,Android 14
609,51,2025-02-15 08:55:00,2025-02-15 11:35:00,192.168.12.100,Windows 10
610,53,2025-06-23 06:08:00,2025-06-23 07:26:00,192.168.24.159,Windows 11
611,64,2025-08-22 20:05:00,2025-08-22 23:42:00,192.168.178.216,iPhone iOS 18
612,3,2025-04-21 20:17:00,2025-04-21 22:22:00,192.168.22.119,iPhone iOS 18
613,50,2025-09-09 06:57:00,2025-09-09 11:11:00,192.168.225.157,Windows 10
614,56,2025-06-09 23:42:00,2025-06-10 00:45:00,192.168.78.70,Windows 11
615,61,2025-04-14 20:57:00,2025-04-14 22:53:00,192.168.242.71,Windows 11
616,98,2025-03-02 21:07:00,2025-03-02 22:58:00,192.168.34.225,Windows 10
617,31,2025-01-04 08:09:00,2025-01-04 12:12:00,192.168.94.222,Android 14
618,79,2025-04-11 14:15:00,2025-04-11 16:56:00,192.168.10.133,iPhone iOS 18
619,12,2025-01-25 16:34:00,2025-01-25 16:51:00,192.168.56.118,Windows 11
620,51,2025-09-03 03:17:00,2025-09-03 06:24:00,192.168.232.36,Windows 11
621,10,2025-09-16 15:04:00,2025-09-16 15:58:00,192.168.140.66,Android 14
622,25,2025-10-21 03:40:00,2025-10-21 06:01:00,192.168.228.231,MacOS 15
623,77,2025-02-01 14:59:00,2025-02-01 15:59:00,192.168.8.193,MacOS 15
624,16,2025-10-02 21:49:00,2025-10-03 02:10:00,192.168.166.49,Android 14
625,80,2025-04-29 09:25:00,2025-04-29 13:23:00,192.168.67.232,iPhone iOS 18
626,55,2025-02-20 05:59:00,2025-02-20 09:52:00,192.168.168.136,iPhone iOS 18
627,48,2025-02-22 11:03:00,2025-02-22 12:23:00,192.168.178.178,MacOS 15
628,81,2025-07-27 18:12:00,2025-07-27 19:08:00,192.168.44.32,Windows 10
629,53,2025-02-04 08:54:00,2025-02-04 12:47:00,192.168.27.94,Windows 11
630,54,2025-08-10 15:56:00,2025-08-10 18:29:00,192.168.215.165,Windows 10
631,91,2025-08-28 01:58:00,2025-08-28 04:28:00,192.168.186.71,Windows 11
632,92,2025-02-03 10:22:00,2025-02-03 10:42:00,192.168.223.42,Windows 10
633,52,2025-04-18 09:29:00,2025-04-18 09:42:00,192.168.222.235,iPhone iOS 18
634,43,2025-03-10 15:23:00,2025-03-10 18:32:00,192.168.119.175,Android 14
635,56,2025-04-09 07:30:00,2025-04-09 10:09:00,192.168.50.82,iPhone iOS 18
636,34,2025-03-26 00:37:00,2025-03-26 02:39:00,192.168.77.130,Windows 11
637,92,2025-06-18 02:36:00,2025-06-18 04:04:00,192.168.18.75,Android 14
638,62,2025-05-02 12:04:00,2025-05-02 12:15:00,192.168.105.116,iPhone iOS 18
639,14,2025-03-21 05:18:00,2025-03-21 05:29:00,192.168.238.247,MacOS 15
640,42,2025-01-07 04:34:00,2025-01-07 07:14:00,192.168.61.65,Windows 10
641,6,2025-01-16 19:57:00,2025-01-16 20:57:00,192.168.71.41,Windows 10
642,33,2025-06-19 03:46:00,2025-06-19 06:44:00,192.168.72.8,MacOS 15
643,11,2025-05-17 05:37:00,2025-05-17 10:23:00,192.168.90.131,MacOS 15
644,29,2025-03-09 02:17:00,2025-03-09 05:42:00,192.168.98.79,Windows 10
645,14,2025-10-24 14:18:00,2025-10-24 16:42:00,192.168.107.36,Android 14
646,77,2025-02-13 00:43:00,2025-02-13 04:54:00,192.168.211.20,MacOS 15
647,57,2025-03-08 00:10:00,2025-03-08 01:19:00,192.168.84.208,Windows 11
648,95,2025-05-10 08:21:00,2025-05-10 12:46:00,192.168.84.232,iPhone iOS 18
649,46,2025-08-22 11:33:00,2025-08-22 13:06:00,192.168.210.95,iPhone iOS 18
650,26,2025-02-10 11:42:00,2025-02-10 14:24:00,192.168.76.102,MacOS 15
651,9,2025-07-03 16:07:00,2025-07-03 17:10:00,192.168.236.162,Windows 11
652,86,2025-05-23 15:32:00,2025-05-23 18:44:00,192.168.69.109,Windows 11
653,10,2025-10-15 00:43:00,2025-10-15 02:04:00,192.168.92.19,Windows 10
654,88,2025-02-18 04:33:00,2025-02-18 08:18:00,192.168.138.133,Windows 11
655,86,2025-09-10 13:42:00,2025-09-10 15:42:00,192.168.180.59,Windows 11
656,60,2025-08-15 11:09:00,2025-08-15 12:19:00,192.168.92.215,Windows 11
657,92,2025-04-23 11:54:00,2025-04-23 14:24:00,192.168.235.90,Windows 11
658,55,2025-07-29 17:49:00,2025-07-29 20:16:00,192.168.182.174,Android 14
659,10,2025-07-27 04:30:00,2025-07-27 07:43:00,192.168.159.61,Android 14
660,57,2025-03-15 16:26:00,2025-03-15 19:49:00,192.168.30.206,Windows 10
661,88,2025-01-19 18:11:00,2025-01-19 20:04:00,192.168.157.116,iPhone iOS 18
662,86,2025-02-23 10:34:00,2025-02-23 13:33:00,192.168.253.159,Windows 11
663,46,2025-04-13 18:18:00,2025-04-13 23:08:00,192.168.241.115,Android 14
664,16,2025-02-18 09:27:00,2025-02-18 14:12:00,192.168.140.225,Windows 11
665,9,2025-05-15 02:51:00,2025-05-15 06:03:00,192.168.205.59,Android 14
666,37,2025-08-03 22:41:00,2025-08-03 23:28:00,192.168.126.60,Windows 10
667,47,2025-08-03 07:59:00,2025-08-03 08:18:00,192.168.115.102,MacOS 15
668,31,2025-06-20 10:44:00,2025-06-20 15:07:00,192.168.56.133,Windows 10
669,74,2025-02-26 19:56:00,2025-02-26 23:04:00,192.168.51.46,Android 14
670,10,2025-09-04 01:48:00,2025-09-04 04:23:00,192.168.87.187,Windows 10
671,64,2025-09-14 03:08:00,2025-09-14 04:22:00,192.168.78.157,iPhone iOS 18
672,65,2025-03-23 20:26:00,2025-03-23 23:00:00,192.168.56.69,Windows 11
673,52,2025-03-14 01:25:00,2025-03-14 06:20:00,192.168.33.145,MacOS 15
674,7,2025-03-30 17:25:00,2025-03-30 20:11:00,192.168.157.171,Windows 11
675,16,2025-03-14 23:38:00,2025-03-15 00:36:00,192.168.182.128,Windows 10
676,61,2025-04-18 00:14:00,2025-04-18 04:08:00,192.168.16.62,Windows 10
677,9,2025-01-21 16:51:00,2025-01-21 19:55:00,192.168.219.74,MacOS 15
678,38,2025-07-29 00:23:00,2025-07-29 05:21:00,192.168.72.98,Windows 11
679,39,2025-02-04 15:59:00,2025-02-04 18:40:00,192.168.41.64,MacOS 15
680,22,2025-05-28 07:36:00,2025-05-28 07:53:00,192.168.115.153,Windows 11
681,1,2025-10-22 12:27:00,2025-10-22 17:00:00,192.168.203.35,MacOS 15
682,41,2025-10-15 18:57:00,2025-10-15 23:41:00,192.168.96.196,iPhone iOS 18
683,60,2025-03-18 11:58:00,2025-03-18 16:44:00,192.168.175.137,Windows 11
684,69,2025-08-21 07:14:00,2025-08-21 10:45:00,192.168.114.238,Android 14
685,31,2025-09-01 14:57:00,2025-09-01 16:08:00,192.168.253.0,Windows 10
686,60,2025-01-12 23:59:00,2025-01-13 01:33:00,192.168.217.103,Windows 10
687,2,2025-05-30 07:07:00,2025-05-30 09:27:00,192.168.97.190,iPhone iOS 18
688,92,2025-06-27 23:37:00,2025-06-28 01:51:00,192.168.103.165,Android 14
689,56,2025-10-19 18:13:00,2025-10-19 20:23:00,192.168.226.140,MacOS 15
690,84,2025-08-25 08:21:00,2025-08-25 11:53:00,192.168.184.42,Windows 11
691,16,2025-08-13 21:02:00,2025-08-14 00:37:00,192.168.84.151,Windows 11
692,35,2025-04-09 22:24:00,2025-04-09 22:36:00,192.168.245.255,MacOS 15
693,99,2025-08-11 22:38:00,2025-08-12 01:49:00,192.168.50.201,Windows 11
694,6,2025-02-04 13:13:00,2025-02-04 17:15:00,192.168.191.189,MacOS 15
695,12,2025-10-13 18:45:00,2025-10-13 22:02:00,192.168.218.14,Windows 10
696,78,2025-08-31 20:21:00,2025-08-31 22:14:00,192.168.52.99,Windows 11
697,51,2025-02-21 03:59:00,2025-02-21 05:31:00,192.168.5.152,Windows 11
698,72,2025-05-27 10:15:00,2025-05-27 12:46:00,192.168.43.56,iPhone iOS 18
699,55,2025-04-25 01:18:00,2025-04-25 04:35:00,192.168.73.72,Windows 11
700,27,2025-03-12 16:56:00,2025-03-12 19:31:00,192.168.239.101,iPhone iOS 18
701,63,2025-01-01 09:28:00,2025-01-01 11:00:00,192.168.229.31,iPhone iOS 18
702,38,2025-04-10 20:38:00,2025-04-11 01:08:00,192.168.152.223,MacOS 15
703,23,2025-03-07 02:37:00,2025-03-07 03:32:00,192.168.212.239,Windows 10
704,76,2025-07-06 07:13:00,2025-07-06 10:16:00,192.168.88.70,iPhone iOS 18
705,36,2025-08-04 16:34:00,2025-08-04 19:50:00,192.168.169.244,MacOS 15
706,60,2025-07-03 11:47:00,2025-07-03 15:43:00,192.168.163.141,Android 14
707,69,2025-10-13 02:22:00,2025-10-13 04:25:00,192.168.220.219,iPhone iOS 18
708,51,2025-03-07 04:48:00,2025-03-07 09:28:00,192.168.181.180,Windows 11
709,96,2025-03-12 03:45:00,2025-03-12 06:16:00,192.168.19.48,Windows 10
710,31,2025-01-13 04:13:00,2025-01-13 08:08:00,192.168.4.239,Android 14
711,64,2025-03-13 17:47:00,2025-03-13 20:18:00,192.168.211.183,Windows 10
712,37,2025-10-12 03:26:00,2025-10-12 08:20:00,192.168.158.108,MacOS 15
713,60,2025-06-19 23:02:00,2025-06-20 00:33:00,192.168.168.9,Windows 10
714,75,2025-02-17 20:03:00,2025-02-17 22:04:00,192.168.28.109,Windows 10
715,54,2025-05-13 04:53:00,2025-05-13 06:53:00,192.168.182.62,MacOS 15
716,51,2025-01-25 08:48:00,2025-01-25 09:26:00,192.168.39.182,iPhone iOS 18
717,28,2025-05-05 03:23:00,2025-05-05 07:05:00,192.168.185.126,Windows 10
718,73,2025-08-11 08:26:00,2025-08-11 09:34:00,192.168.11.51,Android 14
719,20,2025-06-10 16:34:00,2025-06-10 16:45:00,192.168.211.244,Windows 11
720,91,2025-08-01 14:45:00,2025-08-01 15:48:00,192.168.120.232,MacOS 15
721,62,2025-02-06 15:18:00,2025-02-06 20:01:00,192.168.148.57,MacOS 15
722,66,2025-05-09 11:21:00,2025-05-09 13:14:00,192.168.32.237,Windows 10
723,11,2025-03-10 05:03:00,2025-03-10 07:25:00,192.168.31.149,Android 14
724,39,2025-04-04 08:55:00,2025-04-04 09:30:00,192.168.197.205,MacOS 15
725,2,2025-07-20 10:39:00,2025-07-20 15:10:00,192.168.115.53,Windows 11
726,100,2025-01-16 00:04:00,2025-01-16 03:47:00,192.168.22.236,iPhone iOS 18
727,76,2025-01-03 16:26:00,2025-01-03 18:35:00,192.168.185.124,iPhone iOS 18
728,49,2025-04-26 10:32:00,2025-04-26 12:38:00,192.168.38.156,Android 14
729,88,2025-05-11 23:33:00,2025-05-12 01:35:00,192.168.97.252,MacOS 15
730,71,2025-01-05 04:12:00,2025-01-05 09:05:00,192.168.35.245,Android 14
731,29,2025-06-27 10:42:00,2025-06-27 12:30:00,192.168.49.52,Windows 10
732,18,2025-01-08 11:07:00,2025-01-08 12:05:00,192.168.22.12,Windows 10
733,1,2025-05-23 17:48:00,2025-05-23 21:15:00,192.168.62.72,Windows 11
734,2,2025-07-13 13:06:00,2025-07-13 15:39:00,192.168.200.23,iPhone iOS 18
735,65,2025-09-16 07:50:00,2025-09-16 10:20:00,192.168.237.58,Windows 10
736,34,2025-06-19 09:24:00,2025-06-19 10:55:00,192.168.229.94,MacOS 15
737,19,2025-02-26 08:04:00,2025-02-26 11:29:00,192.168.70.116,MacOS 15
738,49,2025-08-29 02:16:00,2025-08-29 02:35:00,192.168.39.95,iPhone iOS 18
739,8,2025-07-04 03:30:00,2025-07-04 07:42:00,192.168.71.100,Android 14
740,62,2025-07-22 08:37:00,2025-07-22 11:47:00,192.168.190.239,MacOS 15
741,50,2025-01-19 06:53:00,2025-01-19 10:06:00,192.168.42.26,iPhone iOS 18
742,10,2025-07-20 15:31:00,2025-07-20 16:46:00,192.168.52.182,Windows 11
743,17,2025-06-10 03:03:00,2025-06-10 06:11:00,192.168.109.34,MacOS 15
744,44,2025-07-31 11:40:00,2025-07-31 13:19:00,192.168.177.54,MacOS 15
745,47,2025-04-04 00:20:00,2025-04-04 01:06:00,192.168.107.28,MacOS 15
746,39,2025-02-15 13:49:00,2025-02-15 15:23:00,192.168.74.175,MacOS 15
747,54,2025-08-11 07:32:00,2025-08-11 10:23:00,192.168.6.86,Windows 11
748,87,2025-02-20 03:38:00,2025-02-20 08:18:00,192.168.37.234,MacOS 15
749,50,2025-06-06 20:53:00,2025-06-06 22:29:00,192.168.160.131,Windows 11
750,53,2025-05-21 00:05:00,2025-05-21 01:50:00,192.168.157.88,iPhone iOS 18
751,69,2025-08-13 14:55:00,2025-08-13 19:22:00,192.168.64.111,Android 14
752,31,2025-02-24 20:10:00,2025-02-24 21:28:00,192.168.132.218,iPhone iOS 18
753,87,2025-01-24 20:38:00,2025-01-25 00:49:00,192.168.6.34,Windows 10
754,68,2025-01-09 00:53:00,2025-01-09 03:04:00,192.168.251.48,Android 14
755,18,2025-03-27 11:25:00,2025-03-27 15:09:00,192.168.157.159,iPhone iOS 18
756,38,2025-05-11 07:28:00,2025-05-11 10:37:00,192.168.27.25,Windows 11
757,93,2025-07-18 19:26:00,2025-07-18 22:45:00,192.168.28.8,Windows 11
758,36,2025-03-29 14:10:00,2025-03-29 16:43:00,192.168.95.255,MacOS 15
759,95,2025-03-02 07:36:00,2025-03-02 08:59:00,192.168.247.166,MacOS 15
760,60,2025-10-15 08:13:00,2025-10-15 08:32:00,192.168.236.190,MacOS 15
761,86,2025-06-20 15:13:00,2025-06-20 18:49:00,192.168.56.18,MacOS 15
762,25,2025-07-07 01:18:00,2025-07-07 04:37:00,192.168.1.239,iPhone iOS 18
763,76,2025-05-30 11:08:00,2025-05-30 12:53:00,192.168.45.244,Windows 10
764,65,2025-04-30 21:14:00,2025-05-01 01:18:00,192.168.1.2,iPhone iOS 18
765,21,2025-10-01 18:29:00,2025-10-01 19:23:00,192.168.141.159,iPhone iOS 18
766,43,2025-01-26 15:58:00,2025-01-26 20:55:00,192.168.3.54,Android 14
767,20,2025-09-19 13:55:00,2025-09-19 16:05:00,192.168.59.78,Windows 11
768,90,2025-07-26 14:14:00,2025-07-26 17:47:00,192.168.142.164,Android 14
769,3,2025-09-10 12:50:00,2025-09-10 17:44:00,192.168.195.160,Android 14
770,88,2025-07-31 08:36:00,2025-07-31 12:06:00,192.168.219.14,Windows 10
771,70,2025-07-13 21:22:00,2025-07-14 02:17:00,192.168.137.60,Windows 11
772,18,2025-07-04 09:41:00,2025-07-04 10:22:00,192.168.247.240,Windows 10
773,11,2025-06-24 13:53:00,2025-06-24 17:23:00,192.168.62.1,Windows 11
774,56,2025-03-10 23:21:00,2025-03-11 01:51:00,192.168.24.40,iPhone iOS 18
775,15,2025-02-01 11:23:00,2025-02-01 11:52:00,192.168.50.242,Windows 10
776,12,2025-06-07 01:05:00,2025-06-07 04:57:00,192.168.39.139,Android 14
777,58,2025-04-28 01:57:00,2025-04-28 04:04:00,192.168.28.26,Android 14
778,21,2025-09-30 10:11:00,2025-09-30 14:05:00,192.168.14.197,Android 14
779,28,2025-04-25 09:07:00,2025-04-25 14:05:00,192.168.146.39,MacOS 15
780,3,2025-08-10 16:53:00,2025-08-10 19:58:00,192.168.45.235,iPhone iOS 18
781,2,2025-05-06 15:12:00,2025-05-06 19:31:00,192.168.212.4,Android 14
782,12,2025-09-11 02:56:00,2025-09-11 03:15:00,192.168.59.23,MacOS 15
783,40,2025-05-12 14:26:00,2025-05-12 16:13:00,192.168.108.28,Android 14
784,44,2025-05-31 21:08:00,2025-05-31 22:23:00,192.168.238.86,Android 14
785,4,2025-08-15 20:46:00,2025-08-15 21:53:00,192.168.117.133,MacOS 15
786,94,2025-10-16 06:32:00,2025-10-16 07:11:00,192.168.248.199,Windows 10
787,48,2025-05-05 20:52:00,2025-05-05 21:27:00,192.168.179.68,Windows 10
788,31,2025-02-03 06:04:00,2025-02-03 10:08:00,192.168.197.242,Windows 10
789,77,2025-07-07 15:22:00,2025-07-07 18:45:00,192.168.59.3,MacOS 15
790,64,2025-02-13 00:34:00,2025-02-13 03:42:00,192.168.36.229,Windows 10
791,41,2025-03-03 19:28:00,2025-03-03 23:27:00,192.168.215.17,Windows 11
792,81,2025-09-11 11:02:00,2025-09-11 13:42:00,192.168.149.241,iPhone iOS 18
793,84,2025-04-11 10:10:00,2025-04-11 14:13:00,192.168.23.175,iPhone iOS 18
794,14,2025-10-18 13:12:00,2025-10-18 16:50:00,192.168.55.139,iPhone iOS 18
795,46,2025-07-14 10:30:00,2025-07-14 14:20:00,192.168.210.196,iPhone iOS 18
796,21,2025-07-28 18:59:00,2025-07-28 23:23:00,192.168.194.35,MacOS 15
797,74,2025-05-17 07:17:00,2025-05-17 09:04:00,192.168.49.43,Windows 10
798,73,2025-05-01 23:29:00,2025-05-02 00:06:00,192.168.11.35,iPhone iOS 18
799,18,2025-04-04 20:36:00,2025-04-04 23:44:00,192.168.0.255,iPhone iOS 18
800,53,2025-08-11 18:28:00,2025-08-11 18:43:00,192.168.125.202,Windows 10
